8a0deef1-4e0f-4e3b-9096-6bd3971cb721,3
94aebee0-c057-4e38-8b24-dcff70e5d289,2
9ebcec88-b693-4244-99d3-a4f4af0a45f1,3
20c59044-cdd5-4dbb-9e18-69226a19c314,0
b84293aa-a6bf-4e0e-a95b-92b85511233a,1100
b9fa68db-4383-4809-a65b-559a53789b73,20
f79fd1e5-ed8c-46b1-abf8-74aa576fc0f9,2
c1658038-1a8d-4626-84ee-597e775cb37d,0
277dff8b-2eec-47df-bb04-c54f533ebf34,1
1d4f6eb8-16a3-4700-b810-39f4ec484956,4
fc32c486-11fd-40c1-8799-13bd31b27eb2,10
44a14986-b916-436a-9d28-86996fce115e,5
0593d5f4-aef6-4877-bb4b-0fe0c25e2f9a,10
1f8c98e7-9c65-45d1-8afc-5b478c846a5a,10
de1c4de5-35ee-49b3-adf9-287b36dff15d,20
da27a578-8b33-4d3b-81b7-04435eaa7d75,5
bd3ceebc-6d18-4509-b761-0918b3af47bb,5
26efc1d5-796d-4cda-92a8-e254bda593b9,5
66c925b2-6c74-473b-b85c-4d5498c0ffa0,0
828d6b1f-3287-4d5f-808b-87ac21b3a250,60
87956f3d-de41-4b5c-b067-9d3991228789,40
a4403c80-f201-423e-b17d-f7f271ebe795,20
b9bcbc17-46fe-4777-9f93-06abc7119160,5
3ee7253a-711c-4e17-ad36-8d88b4a8cd2e,3
5c1578b0-c095-4d13-963b-9bb2cc9a4b6b,5
92fd04e3-fac2-4f67-86ee-84e8efbef4ff,0
500424d5-c355-489b-a2e5-8ace391a2f64,2
1bd856f3-9554-4beb-b822-909ed2ed5d13,0
7e0c4743-87b2-4978-a881-bec99a7f84c4,0
f24caeef-456d-49a4-8587-0d1958ecd895,2
f2ef4884-0491-40a7-9936-1af66b355e57,2
ae9fc951-30cf-49eb-b3d8-5c89973bf650,15
d21c486c-a404-4fed-9684-c1183d6eb136,35
8f2adc49-73a7-4210-8b4c-8ec5799c5d97,3
78ea1598-2f86-4552-9c76-28eb54720a17,8
ccc17182-305a-4987-aac8-8b963cd07ae4,0
5052a15d-f307-41b5-a335-7570cda736a6,0
7e8ecb76-3ee4-4e3a-993f-f2070aa9fb15,5
38aac219-76ba-4456-865d-5d3caaf8dc89,50
00f4768d-8479-477b-83ca-8d42648890a7,150
0a56e6bf-15b1-4ea6-b7da-ef24622e01d7,40
8afa2c20-4966-4747-9863-4b78edba3bf5,0
0438da69-bdee-4f5a-b282-c03d89f4534f,0
bfdff922-f210-4e90-8863-0c6ed110947e,18
5420ff63-c1c5-4417-a761-9d9597b0cde6,5
4b1d9d8b-d448-4aa8-9a8d-1f9fef3135a4,0
05a57691-87e8-4504-8f0f-0897c11b23af,0
c57da7a3-1973-4fbb-9ecb-8c39e66429f5,0
d465021b-0d36-4846-9b90-ca16234a10fb,30
8866814a-9530-4da6-8a6e-1af9ad48b3e5,20
c8474917-135f-453b-8bf2-76b8f60a1c1a,3
3b95f4bf-fbe1-4f52-8827-40cef734ef0e,300
b6663509-727d-47c1-837e-8ac76b539852,60
7a14806d-b599-4e75-bd61-17c4a667d8c0,50
9eccf445-c370-44c1-afb2-4fb0bdc0a272,15
55b743b1-3304-44f8-b917-0d1a7680db4c,700
7fadd88b-93e4-472d-96b8-6a5eee6f27f5,0
56ad16ee-8431-4f50-897f-457f55a54a1e,0
fd083670-2834-4d21-b33c-00d55419c1ae,100
2c28a431-bfd2-4181-8b2a-de8fb3358ad7,4
f67328bf-cb13-4966-b0e9-ebce75c113f7,2
56f39d56-2e3e-43af-96c0-ae974b5e1b50,0
cc026e15-619d-4309-87db-ac57f7c218d0,1
aaa724c8-6fbc-4991-94b6-210d087527f5,0
0cc524a2-8263-4487-93d2-e3497872184c,0
0ff296ce-0d50-4d70-93c2-46c943a6e0ed,0
b00b81ef-a0b1-4b68-a02e-a99ec71b4a36,20
de8b98bc-a0b9-4bf3-aa60-7b21bc65f620,25
030ee41b-bc62-42aa-9ae3-41071ef4f47e,5
1c5c2435-78b7-4a39-a2c1-72796fce6a69,65
0db2bdf6-f603-4d84-8271-c2a1ed1b687b,40
d046c6d9-dbe8-4fa8-a4ac-bebf0ae2209c,30
c6930e5c-1e76-4369-9098-1a28f472755f,1
5f947b9a-7785-4cdb-954e-bfc4751b9837,0
11dc60fb-5e01-43bb-ae26-de2814ff787c,0
d1eb3082-763c-4d75-b162-3a6d285e2404,8
de17246b-7cbd-4346-93eb-d77024f97eda,30
cd5b2827-4d29-4bc5-a5fb-7b027dc47b5c,20
c0e7c8bf-98ab-4dac-8840-91cbd9cc2c89,0
1f1547f0-d156-4fc9-b0b9-b9459b677357,2
b065dc29-5966-4a98-83da-5ddd47a02baf,120
1ce62cca-2d48-475e-99e0-72b893ae4393,2
e48c0420-bdcc-4e24-b101-342d253004b5,30
011fb5da-d0c3-4f8e-b043-b7872b25ab35,30
8c790ec2-22a7-4ef2-8cfe-8cdf5624d805,10
00ac7bb9-a335-445a-a951-68ad14d349f5,0
61de8105-e301-4005-bcad-c23680d3b0e1,0
9a6a276f-84fb-407e-934e-7beece976c2a,2
3181e7c3-3d87-47f1-b1f5-84301710bd89,1
f1b19f62-c7ea-42e1-9807-409389f2cc94,50
424bca15-772a-41ba-a15a-aa376e6de1cd,0
b0c8692b-7247-4b3b-8702-b1795c3b91d8,0
f7451a1e-eb8e-4ce7-b8bd-e9f70fc5e742,0
3a5af05f-7a2d-4b7e-af6e-576374ed74e7,2
23343c2a-cd24-4fff-b9b8-17b8dde23dce,200
db079e9e-6add-4c8d-9ce7-d0760267a145,0
c5dee02b-8b93-4e4c-81fb-26c49636abca,0
ef8073dd-0471-4061-8fed-0756432fd291,3
aa7121ad-7ea4-490c-9a69-9f0d5cadc9c4,70
cb72496f-63fd-45bd-9b5b-cf39024f8f4a,60
aa98902b-c1f0-4226-ba10-51314b2f9f38,1
9f47bcf3-62a3-4929-bb88-f75aef6e634a,5
f59d16e9-bd9d-4040-8479-55bbed96601f,20
4444a4c3-df8b-4d1a-a3a6-7d3db3661beb,0
4b09520c-c7f8-4d65-bad9-59ed1a6ccba1,5
05653c74-46e9-4a8f-8729-551a128c631f,5
144e242d-3a81-43ac-9859-54f5af234b2e,3
f13b48ed-e8a8-4140-b29f-973ea9a02772,0
ebeea8d8-86a0-40c3-8cb4-1a6472a2beb4,0
5351131c-a15a-4fe4-811b-3056a9156465,500
1d3b95a8-fe7b-4cb5-b90e-e50d355267dd,0
c137328d-69f4-4ef9-ab69-679a8aabe544,1
5750eadb-1f84-4dba-bdf9-cbc140d6102a,3
3a6bc5e2-f87c-45d8-9178-d43907339533,0
8666b533-1e83-4fd3-808f-484484c59471,3
e11ad385-294d-4957-bdad-764c3bdc0058,5
311b9871-f768-4cd1-b900-0c78f66e0da5,80
3c601e1d-3517-4795-a274-45eb20742a0b,5
707cd8d3-2d53-4bb8-92d7-792c8b8991bc,0
cff9c887-2fbb-426a-8fa6-65b7430db2dd,30
06d58b15-1362-4805-918f-c25fa63175cf,0
01454bab-1f87-48a0-a749-6e502608ecba,60
4f6bf611-65eb-461d-b2c8-016beb5ac455,3
9c17fd9e-c706-418c-aa34-4f4896a3a1e4,0
089ad0e9-2642-4a67-a80a-bfa5c7abc972,0
d2406d66-df31-4980-b1a9-7e0ff59d70fe,0
00c9d60b-35f5-45c7-9074-f64e1d09274e,1
587ee96a-66d0-44f9-9921-89db20344011,0
1cd18f1a-f9d7-4712-9b9b-f99e1c2004f9,0
5a8c3add-e604-44f1-80cf-60d7c78bb947,0
0d0d153d-d04f-4da1-97e8-bff1b0b0167a,12
da6f381f-bf47-4b43-bc61-941cca3c2662,5
c71b526e-bebe-43db-9e3c-c13eb6d1bd5d,5
da925e39-5105-4c9b-ba2e-56559918a074,0
64e20d30-72a1-4d36-b6b2-d348666b0bab,0
8d0bdef2-cd2d-4756-9a0b-35af17f4e90c,20
c580e314-8478-4ba0-9eec-a69d58dcb283,0
3c1c9b2a-250d-4a43-8da0-c10d442ee828,4
9c277784-65fc-4f8e-8007-d4af958c2fd9,2
03194df8-7df6-45c5-a036-a574abc1ef24,3
13c11637-ac4d-4520-a0f8-c463f817a2c6,1
f780eb5a-fc1c-4c97-a432-7663e0db00ab,7
5185ef06-e284-47bd-b150-a4e18ddcd2bc,15
ecae3445-0a95-4407-a0df-52043885b077,1
e51567d8-6d57-4069-ba3c-2869190da928,0
03d0d367-87a4-41fd-a4d9-411f0ff99445,20
82f07c25-f80a-42e1-890c-516808b10aaf,1
12bb6468-91fa-484c-af4d-3405b2654f51,1
daa099de-7237-4ee0-8746-89648ec32343,6
90f173dd-3490-4506-bfdb-a8bf840cd370,8
b4230da9-5d70-4fa7-bc56-7c32e81e76fb,15
29928343-ac6e-4078-b9f5-36c530ac89a4,10
acf89944-9ae0-45de-9bdf-3c194f507fdc,4
aa75290e-6057-4c0d-b530-385f6f54397a,8
966a2716-86ec-408e-9f99-ae51d66a84b3,10
6fdb88da-e7da-4f19-bc1d-a054c2bc00b2,1
ecbb6eef-d664-4b18-af3e-42a9879f690a,4
d3389ad7-ac84-42ba-ab96-a2d3e6d03873,7
4981c31b-0d8f-4fca-a428-0f9a7e86ddb1,450
1421bb8e-fbc0-4a88-a8e3-d350710148a9,15
4e7a1eb9-d9b5-4740-84e9-6e73a32028b9,5
d306490b-03e3-4219-b45a-9b571222c394,20
e849b431-5a80-459a-8cad-bad77cbc9e10,0
3ec3ab7e-1938-4fb2-b84a-411252a371c9,0
4b0353b1-3801-4bbe-92f5-2355a28bd8ee,140
a83e0e49-ed31-493e-8ba4-a93056acb09c,35
05adc37d-f0ff-457b-aff9-a62c9e66a531,0
1384b20c-d399-4ca9-8caf-667003b3ec67,0
7a05c315-0ad8-4add-b8eb-b798ebace358,0
167ff70a-daa0-4179-a0fe-4dabb9672a83,1
4550afef-1122-4563-b10d-d804fc64883b,8
f32f0cbb-8549-439c-b529-54c31c774848,5
c2324ede-b4ef-4747-aca5-946782d69942,0
e6ade132-7aa3-4249-a048-f53ae0567d5d,3
99cdd8bc-a6e3-4460-ace2-c08d5f5f6fb5,12
47594adb-c781-4450-ae10-29321460f984,8
9288fdb1-0a47-4f85-bd47-ff3f9018c16a,2
6e012c80-f0d3-480c-97e1-8e5cf04dbd92,600
3cac05bf-e941-4f0e-9dc0-3a50b859ea16,1
4afbfd75-ff0b-46fe-9ced-9b1c1cc541a9,4
6fd29481-c1c7-412e-bde8-a2cb31ce2997,12
e36d6bb2-63c1-4ee3-9ef1-63e8a0404d46,5
fe444bfc-6a56-42a7-acee-fa77db832255,10
f56fef72-0655-4536-bdfe-3b4906120703,2
cfa8c219-f7b2-471c-b834-ba8a7ac93631,12
9f0e91c3-796f-4314-9e86-f65600d98a5f,20
c6bc7059-6b43-442b-aa9b-2b500d37107f,1
8286613c-cd86-4343-a4ef-f0eb35b0fcfa,12
36c9c030-4140-4dd6-a67f-92d7c5e7fca5,1
c56ae462-9be9-4567-a258-304ce17bcb8b,10
d9da3eb1-f86b-46e7-9ffd-009586c37795,100
7a5fbd87-2fe1-45c8-84f5-b76bc01cb140,60
3f10b7bf-f3be-49f0-b2a6-665869d4f9b8,50
558210c9-8d33-4117-8e36-4ef503335ad9,300
6cf668e8-fae3-408a-bb3c-9d3845da75b7,0
711958bd-be69-4766-a500-7df3a303192d,7
3c1cc04c-9558-4585-9f2a-be9c08409f3b,0
75ce3b9c-8580-4bdc-b85a-ab7107068713,3
245555f2-74c0-4299-8ca5-e1035e5a34e0,40
f0be4d9f-8bd8-44a5-b284-83cffd7889dd,40
53af8a6b-9d1e-4b87-9c07-17b12a66b995,0
aff85042-1f63-49c0-9f33-d7f5b478e17d,0
93407a13-b673-48bc-b92b-960a139db380,0
3292904c-5d12-4409-ade2-11183a0753b6,1
0fd0e960-480b-4b28-a34b-35fc5ae35035,30
a7e06524-3c6f-49e1-9857-8dbfb6f940fd,8
d36d666c-756e-4411-9d29-e129e61beff8,2
a5190d68-da17-45d5-b924-5c978dcb3c36,0
85f41284-1543-456e-a1b7-2d66f449f923,12
f08647c0-eeec-4832-a545-6321e26f71c5,4
8954bda5-e7d8-4833-a93e-e642ce6e5fbb,220
81820b6f-d89e-402b-afca-922cd71a8845,2
7d41e9d3-9367-4247-994d-2ef041ff7c34,4
e9a01bf4-935b-4bb3-9676-f074d85f6ad5,0
025d740c-f301-4bcc-a547-4cb6e2258618,1
79cc0d46-acb6-4e5e-b1c9-e05a4895ea81,5
9b5f3655-ddb5-4ce0-b678-5765d3bd72a0,5
ce4256e3-c67c-4d00-98ea-a80e52c679e9,30
7562cc7f-2753-4fdf-9249-1125e43749e8,80
7f80bde2-d359-499e-81d9-d675ff6cd627,6
ad2bbc4a-8dc1-4197-b057-9d7b4e602685,2
1ccd1f97-4600-48b7-bd6c-3c192f8a3d6e,6
742c7963-53b2-4c6f-b591-35b075b510bb,70
8ecbd786-f0ca-44fc-ab7a-174f96b5caac,6
1869c8cc-01eb-49c0-8889-e18391c0546a,15
166fd65f-46cf-48b8-a34e-786662b6bfd5,0
bc3902c1-571a-4029-9dc1-5f5605f553d9,120
a92e9314-578d-41bc-8f07-8b29c85cf1e0,80
221c0342-160d-4973-839c-89881ad5ef3c,2
ee02a6d8-5ec5-4f01-87d6-edaa58e264e7,4
04943d84-ca23-443d-868e-3ac36ba7ace4,30
f0bc6a61-7669-4236-97d6-ea215d65f1a4,10
c8e309b7-09b9-4aff-bf47-7882f8e9cf5a,0
d1fffcd7-1cb2-49dc-bc6c-d3d519ba6e67,60
43134f4a-87fd-4756-926f-36df418c837c,15
69c267bd-d890-40f3-b3fd-adca414438aa,3
8955778f-5915-463f-aab0-838048f5ca96,5
240247fc-20a5-4584-9c53-bfe2c85977db,1
35b725e1-e60b-4eae-a79e-80d4d288834b,20
f0d2ef3e-18ea-4ba8-aafe-92ca7ae35274,5
eb6593d5-40a4-4d97-bc47-e200a0830b70,2
6e36f886-f026-429b-bb24-62940e919b49,0
75d052fc-c78c-4813-976f-d5f99e5948fd,3
a8d473b0-5483-489c-b0d3-056e0dd5ad02,10
cdce596b-ee84-4a27-bd58-25a32de3bbad,1
44528895-fe96-4f89-9992-fc0a1a913f3c,140
f0aeae09-196b-4f49-9026-2e14642d9c6b,8
7dd10511-43b5-4f33-ad27-eb13445295f7,300
2d0c3bca-6e56-44b1-8ac0-89917a025bd2,20
cd583213-34eb-4b85-a126-de1b1ea64003,25
375a5d9d-6e56-4c49-9e3e-c7584dbeb026,60
f1b0b103-1107-4bf5-8f47-ab0232a963f3,250
bb64ea44-53fb-4b8f-8e6b-ad25e82baa16,0
02b7e902-507f-4711-9dce-6218278dae88,0
cef0d8da-ac71-4338-b048-ba318641cfb9,2
89690ba2-8b5c-4f41-a0e0-5ddfcd4d79ea,0
e8ccddb2-358b-4abe-a39d-1c224b626839,8
4b8b30b1-d103-43e8-8b83-ec51c257cdbc,20
a6636e09-9f02-4075-aeeb-c1a00fcce55d,20
4ddbb116-a78b-4bb3-9247-71fcd7ee376f,0
d32e2f67-3aed-4d91-8306-250a5ab8982d,0
9efd3b50-b143-40c6-92d9-cec9d9c56f5c,90
2b5969ec-6056-4502-891d-c83defa4faa8,80
e50c3e04-632c-46ff-b61c-aa810a3dc684,60
5dfaaa70-7774-4f4b-8b18-f27b5132d88d,25
ae9bbbd6-63c5-48c0-a18b-026e8e83e472,0
2a505f3c-21b6-4839-86d5-df43894997c3,0
2473a475-678a-465c-906d-e5ddd24092eb,0
1d1a109e-9a10-4aac-b812-199dab269771,0
eb421105-deb3-4712-b8e4-773fce9a9eb2,2
c3590c71-3987-4734-9448-59e679af064e,0
1ecbe48d-8a5b-47b9-b48f-66843d40b916,0
52cfa5f2-48e1-44ce-a316-442c72e0828c,0
18a816c0-c2cc-40e2-8dfd-fb946e112d7f,8
d36fee6c-7dcb-4df7-890c-9b117c561332,50
add8afd5-dd28-4628-adc6-d50b3c2b8d98,15
7a2718d3-b116-4f25-b91d-0508e17a51f0,15
8fc8f3ed-63e3-4391-a0da-12c60ade622f,80
50ff634f-820e-4c39-8e5b-d990519be44e,8
3068cf64-1c4e-444f-9fd9-4d8f0ab47b82,20
b6f0b3ca-1a32-4b4e-a539-2d3af6cf4e34,10
32eb7cf6-7a0c-466e-ac50-19546a6d4c4f,0
3b081ea9-a623-4bfa-a053-358cb65f909d,0
eba5a596-9746-406b-9677-d3350d0429a9,0
ca7ec5b4-de44-4c85-871a-cfadd4ee27bd,0
f9040ade-eb69-40e6-baa2-7ceb4b35ca3e,240
4268b1e1-2f3b-4d49-abed-5ff1d8c399cb,0
d1a813aa-ea1d-4592-8892-1a7dcb863d42,0
da5dfa55-77c9-4d1e-bc5c-3e270748f73d,0
43943381-c310-47b0-bdde-d8ecdf58d2c9,250
9e159278-925b-4b9e-90ef-8888088e5496,8
a5718637-046f-440a-a0f5-e4907a647020,8
3470d1b8-14cc-45a4-8b6f-bb9e6487d9b6,1
7bd616c1-5101-46cd-be92-1c760f482e81,30
5d4cdb25-b55e-4dc0-b67a-9b356f163393,0
cfd70e08-c9c2-4d5e-81ae-dd0b7e7fa7fc,20
cd99271c-de8b-4f9e-9de1-d3497e7f7c6a,90
4a1e2fc7-a0a6-4f8a-9a81-97a505472211,12
9f78b0be-4d21-4ccc-9c97-39514e81f026,1
71c8a325-aca0-4262-b2e0-08e7ccd5a66f,0
840f4a70-787f-4216-96ad-c1d0faaf9e85,20
1c433699-84b9-4efc-833e-9278f2d34083,1
1ad9f61f-eb35-4e50-b7f8-09a469cf35c3,60
ff5a0a79-03c8-45a2-9d03-d0cd94dc74fd,20
f470426f-e7bc-4612-aa72-d3028d242135,5
adabee97-176c-40a5-9226-bd6b36cde6ce,12
37ed74e4-cc4c-422e-86c9-b4f8998d7434,3
8ed494f9-3232-46c0-b8fc-27d323264743,100
745976bd-57a9-4135-b3ba-cd44eaea8d66,120
0222ecd1-0117-4a07-a643-fc6aa1d6cc49,150
02ae8a64-2202-4113-8ece-0ea7f59cdc6d,150
ee8b2ea0-0924-4619-afa2-b0026ad137c8,100
64113de8-1ee8-4904-80b1-6589bb077814,10
c74fdea1-75d3-4bfe-beae-46cf2055b4f9,0
0471a7ee-7aed-4785-8fcc-635c90a104c9,0
f5f631f4-5b67-4800-9bc3-51d1f5ab3f3a,90
823ab77f-aafe-4f42-b3bc-fbd0f9413fad,6
c0279c1d-9e7a-4d78-ab8c-5155b898119f,5
b2177061-8c53-4029-98d1-17b7a2006fdc,12
65e4369b-edac-4e2a-ba53-de24650fc628,3
0fc5f066-4440-4cfe-ae4c-bb9135b6aaaf,8
3399de01-0016-4bc0-839c-c7363729ff14,50
39e76073-d5b3-46f6-8acd-3e11bf64eacd,30
c360b47f-1705-450d-96c9-a76a1d27f1e5,0
0e060539-64de-4675-814b-a62f7297c86e,3
af8a65d1-9154-4beb-9879-af5c23d81434,20
8b96e51d-7af2-4f11-a90f-7e9c37a0b850,10
cf787766-3229-4ded-ac0b-599a682b79df,400
9080fb9d-7fa8-4eba-b499-d22e133f38d7,12
1861885b-7ec9-4adc-8671-c3cedb36ee36,18
52f55669-95de-4e56-84b4-cf833baeae74,10
c9162124-1631-4e2b-bdc8-ecc7f89fe0b7,0
3a83dc73-87ec-4374-b377-05ce1be8adb4,60
ee3a5ddb-f0c6-47c8-be8f-764c63acae5d,2
33118386-ec14-45ae-81b8-31db8f3acf46,10
d7121762-e323-42f6-a954-a6824e1d2050,4
b0035468-aa6f-4753-9270-aca30daf9aef,30
fe10e8cf-85c5-47ed-8804-d3965a9c64a4,3
2394d143-ad9c-4c03-bba9-0eb574bbb9f0,3
1c46ca85-8cd4-46fe-8cee-70f7d1234dc4,6
7ce17f87-cab1-4973-ac96-a795b9be0f95,30
fc31cfb2-4ae6-4037-a13f-ee56acce0c3b,30
fca31ede-fb64-4690-b57a-706edc595755,0
0f02b180-25ab-4a40-a33e-99240617b117,4
0b4d3a76-77cd-4834-be23-aaf4739b55b6,0
44e130ee-7d3a-4d94-81f9-c29e15f14174,0
1766d2af-0f4d-43ec-928a-d850ef39565b,5
70a93879-f72c-469c-b84c-03cb33190724,2
d3887860-24e2-4bda-a96d-798422281d8a,5
4a413c94-fb85-4ef5-9230-7400a6dc24a9,30
f9074a1a-8c18-4bb5-85b5-61b1806d1aa0,0
c42c1f90-3a6e-49b6-8f97-5095ac67ffe3,0
f5d12428-6c2c-4216-a41c-91e67f8bfa3e,3
76b3dd33-6fc9-4d36-a847-a1e779a747ca,120
c3eb86cc-b5dd-41e2-ade5-91fd40677f50,0
0d0b580e-51d8-4166-9812-cd91ce2e0c16,0
2ff45973-6c6f-4d49-8cfd-f8ab488b4c84,0
5d8b88b4-1aa0-46a2-942c-9cdf7f1087ca,5
947e0110-9039-4ad8-b28c-51c060c9c6a7,10
29857ca4-7554-4d9c-b51d-8981ea90ddfe,0
09cf4078-ec88-44f8-9753-e8360ad3f656,5
235dde72-f0af-43d2-84aa-788e4e7eb5cc,60
ed2c07b7-9572-4e1b-8a75-1d142bb979cc,2
08687652-a91b-4cf5-af94-f972d7921c0d,12
8370ca64-d539-4297-bb56-618389450f4b,0
1fb1916f-32c7-413a-acae-686c645cc52a,1
34fd93f3-08a3-408f-b04c-2e5675af280b,6
528d2b36-1554-43da-beec-cdaad8635bfe,6
24abfad1-295c-44c0-80bb-2f399983e9bf,70
058603e4-1b8a-40e8-a49c-d42b2d40ec1c,0
e8f67d4c-8280-43f2-8936-bcf2c59fb467,0
40c08428-adb9-411f-97d2-f4d77e3cff86,65
42034206-90d5-47c8-a05a-3d8013f8cb4f,10
7fac49ac-2e19-45ad-9716-273ec5752bdd,0
b2f78bcf-41e7-48d4-a2a3-8643a2ccb34d,0
03884811-c30f-4afe-8bb1-3f0d47b65cb4,0
19a1e0fb-e85e-499f-b70b-e9ad94b8ae9f,0
c796f3b8-3c5e-4fd5-8ff7-5db904bf9ea2,20
f266f4a0-62c5-4f02-affa-959dcf6b7581,5
d049fa25-9ff2-442d-90bf-0c90b8e839c6,50
bb89401c-123c-4314-96b6-a4a4eba373e6,3
26c43e9f-2d33-4ad9-814f-263a7d7fc8e9,20
ef8287f1-d140-4e25-b005-5c7203051de3,15
0af32ede-b32c-45e6-97a6-79508f078f3f,0
9ecc3260-6064-4767-a388-04a403c7cde5,15
fd02c1a3-2698-46e6-a84e-81b6716038e0,500
b143ba6e-7372-4802-8d25-555552c8496e,20
249aa5bd-013d-4902-9b47-5220ea66389f,25
870b7dec-0a00-4035-b2ef-2e9cc3cef962,3
9dafb7ea-d6ee-417e-8a62-c6b254942465,70
6af2118d-d150-46c8-95ac-8a117d840c62,10
0e048517-e366-4e0a-ad2a-0f25726973d4,0
bbfbb129-388d-474d-a3d3-bec10f3bdbd0,3
aff52de8-920a-4436-b657-fe77736f8f19,10
68389a48-b829-4330-9a1f-b9f1fdc5a266,1
7ef42159-1421-4e8f-b3b4-8a471adce23e,6
517ecbf6-b9f7-497e-8170-9c0782876803,3
a5beab42-ac9b-4ab4-86c6-4f8e801e6f2e,12
24448220-a63f-449d-b23f-3a1799875bcb,0
04b8e20a-8072-4a1c-9da3-eaa65a989860,3
e956c136-51a3-48ff-b8df-6bf94dbd16f8,0
57352d0b-e387-4c1e-b86c-9ed907744e8d,70
480b8171-d1a0-4e68-90a6-2c9217c5794e,3
cf65d827-206f-46fc-9a87-abc37fb9c65f,2
37f47e1a-dc55-4809-b271-4d9e58c76146,1
ffa22aa1-6ca9-4422-a65a-39abda443540,10
b038734e-4203-4d3d-b636-cdfa2a900a59,60
e2f1552e-692a-4692-8950-b5a000554a8a,1
34970a94-bc55-49f0-8ac3-15d07e8acc14,0
f164aee0-c486-4734-80dc-fb544e02c750,3
a2a30596-15a8-4146-a897-7f8a0d5f52cd,70
e320efd0-8b48-4e55-8f4f-47b339bb2c19,70
9d5bd010-acf2-408d-a4b6-639080c8320a,25
0e26fdd0-0f3e-4c8e-803e-0aadc3b80818,0
06bb6025-76b4-47a3-a6c6-03c22ca726b4,0
1f400863-068d-4d7d-bad8-8afdeeba665d,5
0bfeeb26-6309-4e0e-b98f-af904cc45711,0
5900b90a-9995-4a4c-ad7f-0ded094d961f,3
e89a23d8-f114-4d3d-9253-bdc1a46826f7,1
d6ce30eb-a44b-41f2-93d6-29fc44959817,5
41ec2ce7-15b3-4e54-825a-359d861aa318,10
74888bdc-3730-41f1-9f21-003d29293ba6,40
6e1cff14-bd48-4fe9-87e3-fda90cf0180a,50
3eb74413-24fa-4f2f-a132-64fe59754801,4
ebd51cbd-4256-47f6-8635-85139c0aa0e6,4
e7e76fe3-4c2d-4fe3-aa5a-4fca755ff95c,3
21b68bbf-0356-4c36-851d-3969bb6ca005,3
7379fcb3-a59e-4fb9-82e1-5ae1ca576b04,6
822ad6f4-8a00-4a36-acbf-2c49ce3e8c9b,1
ed2a1c82-9b48-4ad6-8518-a1b1d351621d,0
f3e66cdb-fbf9-4857-84e7-58b4d82996bc,0
af9fa0c8-206f-480b-9ad9-71b1b27f7ca6,4
495e592e-3d64-4bf7-b52d-67cc213fb830,50
cee7692f-95c2-4bd3-a51f-00f04a3a1423,4
e501f7c5-c02a-49e3-b07a-fcc8ed06e93f,100
a77063c2-91e0-4fc9-9275-c2bdf602b426,0
96b06db3-7667-4fe7-8053-ef1b2bbcac7f,1200
80378992-a177-4472-a858-b6722d35662b,5
d8b40e45-b6a2-450f-97f5-e70d50efaef8,1
27644d96-a652-4163-9de3-ff3123874bbe,2
068c9ffe-89ec-403f-8755-282a9c2447d5,10
8652bed6-71ed-44ce-8754-9c9355a9b81f,0
ebdbd386-dfac-4d36-a710-0036541e0428,5
d3f01175-4689-45c7-bea9-2e04ba3bca12,5
193586af-2532-42e9-95cc-4e7d348827a6,4
542e3ed3-6f1c-40f4-973f-49c124bcb341,4
490e459a-12b9-4a66-b272-f11ae95199b1,0
888a738a-5d7c-4d7c-be29-a3e493fda0e6,2
02300a9c-78d5-4799-834c-2d2e67b2c182,10
100643e3-4b9f-4bdc-bfcb-4cb2fa9c4063,0
10a2e192-99aa-4887-ae6e-06a8b4da0190,10
db908b20-c8e9-4ef6-bbc0-139672f61219,0
5131af85-e33b-4f8f-a281-349f1f6e49c7,0
9da690ed-330a-4f42-9902-6b7ab0f5f459,2
e254ddf1-1fc9-4835-9ea8-3f68390b87c0,0
ddb618ae-67d8-416b-9df2-c91a391aa1d8,0
e92131c6-83af-49d1-91ea-374c8f6817b2,0
6ae8459e-1003-457e-bc2d-7933c8bcd1bb,2
ccb8dba8-147b-4f91-8395-9bc3b69de21b,3
6d41d4f3-5552-4faf-bf4d-2b8aae08b472,3
e730c63a-99fb-4e4b-a6de-f83e4497c068,70
255845e0-35ca-4105-b492-6358d55165d0,55
45e9c337-5592-425a-b8d5-28d8ffc10cde,15
1c14e7f4-5670-4b78-9e56-8b813d8ff582,60
b1ef54dd-6529-4e13-9123-39ac18c42a56,10
98db9905-596c-4a99-8af5-08bf6585803d,10
7829931b-b81f-4d2b-83db-883010880ccb,18
efd4a33f-027c-4285-aaea-212de750f693,1
4a73c2ec-8c02-48bf-b566-ebd6bc6db2a0,0
feb03874-d25a-4884-be3a-5a63221d9632,15
90df476c-d0b0-4e40-b37d-25b58bf531b4,0
e4c367b1-ca6c-457d-9ac1-b5ffcb56d95a,2
0ec7ae1a-2877-48f4-861a-4507dc6bede7,10
a1d9d3af-3ee0-40c0-9336-474798f213f6,5
c3f28d1e-a110-4f1e-a326-af95fc6920c4,2
7e94a05c-7fff-4e96-b37f-bc364414e0e2,1
7336bdbb-d343-468c-97ea-fed74ad39552,15
a4283cc0-4ee4-4be5-befe-64effd357cca,1
09de70ee-b268-48ce-9d3d-31121b45308a,1
e88e8a45-b4b9-4d3b-a3a2-d0d58cd7a9f6,6
0030a620-ed24-4f7e-bc2d-67e023862f7c,9
a2e9b542-4381-49de-a309-66d8110a5772,10
78137ae4-4299-45b1-8d27-1f05a7c1d4d3,50
9fcd236d-691d-4328-802b-7526d911989b,50
b54bf58b-da88-42c2-8111-d788eb5561a8,3
49d826b5-e4f9-4031-9f49-cbf3f361e24a,2
c49c2603-d4fb-47d6-9e75-7765b9779475,0
77aef61a-11eb-4a20-bf44-f266c8616473,6
52975275-2a27-481e-9f0a-6237f06d0228,40
fac18ced-4d95-4cb5-9912-e9e6c38bc4c7,75
58501495-9472-45b8-a730-4e108005a508,15
f929b21a-6472-4807-a284-ba85213c75b5,15
580f0c1b-e974-4d47-b7ce-fd36c6323b8f,90
bbe2d87c-0ff4-4074-b4cc-0826b2698b24,2
2b335421-fdc2-41ea-8088-8b3512645f6d,2
5c6c12a7-5988-47ff-a017-bf5a8b3659aa,5
b8eec5c6-58ae-417f-a068-4777c04650b8,15
b6183962-1b88-4c2c-9e7b-53fc52948840,250
4008e3fb-5e78-467b-a401-25bad0307fed,0
5825b9de-9955-4dac-ae96-b843f12084de,0
4b6ae258-e531-49e6-aa96-1af57c07bf59,5
2aa85f04-6b8f-4cb9-a056-561df6fbe002,5
1461eac3-0120-49a8-bd7f-c569d9409182,3
1e4378cf-6a62-41fe-a4ca-62948addc55e,5
345d9240-42e3-4e91-ab1b-606f07c31c1f,3
34cbc97a-6353-446f-b64e-e3d9dedc7a70,35
bd102e5e-21bc-454f-862d-3b7225ab44ef,4
95f92fe3-45c7-4916-b3bb-c2038eec9466,3
c23e99ec-197b-4d20-9ee7-164c56924369,80
e5a1ff37-ab2f-4405-977b-0e9693fbe7dc,7
b6a6cb10-7d6d-45e9-8bf2-15785987250e,0
6783ac27-d63a-4684-907d-1e2d78c473e0,5
9207f5d5-20ce-4967-8f52-25f9df22f835,0
c4a0c364-3c48-4c5c-a9bb-6f2e45fb67da,0
6c6f291b-fca2-4483-b834-c5a1ef120178,0
742a9ff7-eb62-4880-85cf-891a3b0c4f0b,0
869aeed8-9990-4349-8ada-75575c91d009,0
0822f8c6-5c67-4f47-98ee-e2736354fbf6,50
7c63ee8b-3afc-4de3-bff4-d072e08421ad,0
36650bbb-a5b4-4536-83c6-ee1e3da50834,0
38de5789-99f4-4a8b-a14d-2970bcef43ff,5
bd1f3180-96b3-423e-a6dc-8bd39bc41d90,0
0bc8d68f-9f5e-4468-b148-db5bf6546039,5
cee509cb-b71b-43ea-8545-3d6f0dcb9885,0
fbd194c9-edb5-4498-9043-d5686356a688,10
4a96633a-3532-4bf4-b328-f4655dae3b9a,50
3ea98658-bcf6-400e-a769-475e91f930e1,220
bab9c5ee-2da5-4d56-9d05-9eaaa449a629,140
b94731c5-77a0-4e0d-9e83-71d0b3c367c5,30
0091b688-03ad-4f96-9315-e3c9e7c5bb37,5
ab10bb37-8b7b-4eb5-a3ae-8670c8f46f4d,0
c59d8f4b-c5ac-4ec9-9a99-ede48a6c3351,12
a2229dde-e8f2-4e20-817b-c4c799d11d5d,25
86e74e72-2c69-43fc-83f7-365a68f741f8,4
c7a33a10-344b-4b6c-a2d9-fbd93f11a956,10
283ba7f8-f1f9-4c6c-aab9-6337e7513e08,0
5e34868a-2195-489d-823e-784fe3641be1,5
d286f815-7bf6-4cf3-83fa-db15a23a3677,2
aa242937-47ee-4b63-b704-3e6b5017d606,6
d39468c0-60f1-41f0-9738-14416e49153c,5
104fd38f-c2ba-45e2-bc0c-ddbb63de166d,12
80b4b602-2792-4a5c-b875-335b1d79d6bd,30
14b0a173-3ac1-401e-b7be-153bd8eee5db,450
90bac194-b154-4f5b-b201-d2840dc88fa9,0
1fec7db6-ef74-4116-93e6-e67bcce86d40,0
4c70730c-f70d-4ed2-be63-17d0dc07736b,15
e09ced67-b9bc-4297-a9b1-3a7b6abb02b3,40
9b9ee715-0af8-4b0c-9a11-cbb3c215d5b7,0
0634b716-6f4a-4b5b-9b2d-3204b78c2d95,2
e0a128e2-e32c-4b04-913f-afa5bc848987,1
b47889f3-b001-43a5-b688-c3dd4d3478f0,0
5708f3cc-72d5-4ec4-a736-11acfa677cf8,100
4e9d1305-fc53-4dbd-85dc-e0540d4f6604,4
d71cc711-53a7-450f-b680-71fc8e744a90,4
302c79bb-b4da-490a-9224-23c29f68bab6,130
6c94e580-e77d-4bd8-b96e-fea2ba52e100,10
8c484263-d9ee-4c6a-aa09-346d0c184e56,5
4feb2b58-c2e3-4e42-9b6c-59723bc0e822,10
1b522d6b-1427-41a5-9dce-7e90f86d30ad,35
58b7603b-f6ca-4125-b044-1c130d36ef72,5
147c045b-cfee-4868-b1cc-f26fa310b6a7,35
a7673fe8-938a-4679-893f-85088f6bca3e,3
1773d9f2-5a6d-41d2-b04d-5a80866007f5,35
09b311be-7a13-4d4f-ae4c-5ed88e2b2792,6
2a639b55-c557-4086-b487-504ccb55413d,20
9b3485bd-ffa7-4ab7-b739-4bc1fd2e68d3,10
7034bae4-04cb-4ef9-a8bc-06c9e3c4d354,1
dbf0e24b-f536-445a-8c3a-0943cc7fe688,240
85e63944-e47e-4c6a-876f-621130f26aca,2
1b3ed3f5-ef7f-45de-aa84-814bb57924c7,6
e06a8eae-3c1a-4fd1-be88-30a7b7a1c30d,3
1e807d40-96e9-4462-97c0-05e9a627c2fe,200
703160f4-ea08-4299-8be7-15bfa34038c1,5
7db05366-8f4a-4505-95c5-97ec95a6d759,5
01ec6cf1-a8fd-43bd-b8b9-246401d02728,12
be338fb0-2e08-4462-b470-8eff2a4edd3d,2
1e520b8e-ec36-4267-870c-6fb9e45cbf05,180
c5727da7-89b5-41f1-9d0f-24f0f28fdd5d,0
110fcc6b-fce2-4709-b618-df989022b7cb,0
5ad5ffee-d290-49fc-87d9-3aab77943f2a,0
fa553222-4f7a-4de4-8475-859cd64a860d,20
b9130ac6-4704-4674-a905-891e4edb299d,4
c5581bf4-28c8-47c8-844a-d75289127b24,8
9b868ac1-9137-4172-83dd-01f967f0de92,15
812d86e1-c9cd-4a71-a0d9-7f624b708d0b,6
579ebdc1-e233-4047-b983-33d9d5edb425,0
9197d4a5-6ee4-47f8-9e9c-6e76063883ce,0
cb5c26d6-4be2-4c99-bafe-29ebfacd1afc,1
5a03f162-f07a-4557-8202-b19359b14aab,5
2c046e44-8957-45ea-a2b2-79517e4ffe61,2
6b90eb70-3afd-447f-8528-35bbfa641504,0
a1ce2443-ff1b-4529-95d3-6678ca4133fa,10
728405d3-a46a-4776-9a50-9b88064badca,0
